[
  {
    "id": "M1911",
    "name": "M1911（RP 版）",
    "type": "手枪 | 半自动",
    "description": "经典 .45 口径手枪的角色扮演模型，仅供 RP 展示与模拟使用。",
    "price": "询价",
    "image": "https://via.placeholder.com/400x300?text=M1911",
    "order_link": "https://wpa.qq.com/msgrd?v=3&uin=3264941473&site=qq&menu=yes"
  },
  {
    "id": "M9",
    "name": "M9（RP 版）",
    "type": "手枪 | 半自动",
    "description": "贝瑞塔 M9 风格的角色扮演模型，适合军警类 RP 场景。",
    "price": "询价",
    "image": "https://via.placeholder.com/400x300?text=M9",
    "order_link": "https://wpa.qq.com/msgrd?v=3&uin=3264941473&site=qq&menu=yes"
  },
  {
    "id": "Rem700",
    "name": "Remington 700（RP 版）",
    "type": "栓动狙击步枪 | 展示",
    "description": "高精度狙击风格的 RP 步枪模型，供狙击/狩猎场景使用（角色扮演用途）。",
    "price": "询价",
    "image": "https://via.placeholder.com/400x300?text=Remington+700",
    "order_link": "https://wpa.qq.com/msgrd?v=3&uin=3264941473&site=qq&menu=yes"
  },
  {
    "id": "Rem870",
    "name": "Remington 870（RP 版）",
    "type": "霰弹枪 | 展示",
    "description": "泵动霰弹枪外观的角色扮演模型，适用于近战/入侵类 RP 场景（仅模拟）。",
    "price": "询价",
    "image": "https://via.placeholder.com/400x300?text=Remington+870",
    "order_link": "https://wpa.qq.com/msgrd?v=3&uin=3264941473&site=qq&menu=yes"
  },
  {
    "id": "AR15",
    "name": "AR15（RP 版）",
    "type": "卡宾枪 | 展示",
    "description": "AR15 风格的角色扮演步枪模型，供战术/保安类 RP 场景使用（不做真实交易）。",
    "price": "询价",
    "image": "https://via.placeholder.com/400x300?text=AR15",
    "order_link": "https://wpa.qq.com/msgrd?v=3&uin=3264941473&site=qq&menu=yes"
  }
]